representation_index,rebuffering_duration,video_bitrate,chunk_duration,chunk_size,qp,framerate,width,height,is_best,psnr,ssim,vmaf
9,1.7630000000000001,5775.146,4,2887573,24.933,30.0,1920.0,1080.0,0,43.44,0.982,89
8,1.7630000000000001,4383.314,4,2191657,26.873,30.0,1920.0,1080.0,0,42.441,0.981,88
8,0.0,4393.724,4,2196862,26.863,30.0,1920.0,1080.0,0,42.223,0.978,84
8,0.0,4936.862,4,2468431,28.611,30.0,1920.0,1080.0,0,40.879,0.972,80
8,0.0,4024.068,4,2012034,28.143,30.0,1920.0,1080.0,0,41.958,0.978,81
8,0.0,4456.272,4,2228136,28.906,30.0,1920.0,1080.0,0,41.393,0.975,83
8,0.0,4774.628,4,2387314,29.596,30.0,1920.0,1080.0,0,40.663,0.972,80
