representation_index,rebuffering_duration,video_bitrate,chunk_duration,chunk_size,qp,framerate,width,height,is_best,psnr,ssim,vmaf
6,0.085,2314.798,4,1157399,27.929,30.0,1280.0,720.0,0,39.85,0.967,77
6,0.0,2434.206,4,1217103,27.964,30.0,1280.0,720.0,0,40.262,0.973,79
6,0.0,2387.324,4,1193662,27.855,30.0,1280.0,720.0,0,39.903,0.967,75
6,0.34600000000000003,2720.224,4,1360112,29.289,30.0,1280.0,720.0,0,38.758,0.959,70
6,0.0,2183.418,4,1091709,28.985,30.0,1280.0,720.0,0,39.755,0.967,70
5,2.4219999999999997,1783.942,4,891971,28.922,30.0,960.0,540.0,0,37.967,0.956,65
4,0.0,1140.14,4,570070,28.774,30.0,640.0,360.0,0,35.384,0.935,45
