representation_index,rebuffering_duration,video_bitrate,chunk_duration,chunk_size,qp,framerate,width,height,is_best,psnr,ssim,vmaf
8,0.0,4283.292,4,2141646,27.46,30.0,1920.0,1080.0,0,41.9,0.977,96
8,0.0,4383.314,4,2191657,26.873,30.0,1920.0,1080.0,0,42.366,0.981,97
9,0.0,6005.966,4,3002983,24.216,30.0,1920.0,1080.0,0,43.619,0.983,98
9,0.0,6660.97,4,3330485,25.917,30.0,1920.0,1080.0,0,42.278,0.978,97
9,0.6709999999999999,5353.56,4,2676780,25.54,30.0,1920.0,1080.0,0,43.355,0.982,97
8,0.14400000000000002,4456.272,4,2228136,28.906,30.0,1920.0,1080.0,0,41.33,0.975,95
8,0.49200000000000005,4774.628,4,2387314,29.596,30.0,1920.0,1080.0,0,40.613,0.972,93
