representation_index,rebuffering_duration,video_bitrate,chunk_duration,chunk_size,qp,framerate,width,height,is_best,psnr,ssim,vmaf
12,0.0,17127.244,4,8563622,23.131,30.0,3840.0,2160.0,1,47.417,0.992,95
12,0.0,16706.112,4,8353056,21.845,30.0,3840.0,2160.0,1,48.533,0.994,97
12,0.0,16450.03,4,8225015,21.757,30.0,3840.0,2160.0,1,48.028,0.993,95
12,0.8590000000000001,19023.286,4,9511643,23.197,30.0,3840.0,2160.0,1,47.137,0.992,94
12,2.6710000000000003,15614.816,4,7807408,22.685,30.0,3840.0,2160.0,1,48.267,0.994,95
11,2.423,12107.516,4,6053758,27.112,30.0,3840.0,2160.0,0,44.627,0.988,90
11,1.2990000000000002,12983.536,4,6491768,27.911,30.0,3840.0,2160.0,0,43.851,0.986,88
