representation_index,rebuffering_duration,video_bitrate,chunk_duration,chunk_size,qp,framerate,width,height,is_best,psnr,ssim,vmaf
12,0.21100000000000002,18230.588,4,9115294,23.898,24.0,3840.0,2160.0,1,46.936,0.99,100
11,1.6130000000000002,10245.502,4,5122751,27.165,24.0,3840.0,2160.0,0,45.159,0.986,99
11,0.0,6166.078,4,3083039,23.116,24.0,3840.0,2160.0,0,48.708,0.993,95
10,0.0,9710.792,4,4855396,19.844,24.0,2560.0,1440.0,0,48.581,0.992,100
10,0.0,9657.33,4,4828665,21.082,24.0,2560.0,1440.0,0,48.064,0.991,100
11,0.0,10529.332,4,5264666,23.223,24.0,3840.0,2160.0,0,47.878,0.992,99
11,0.0,12267.22,4,6133610,22.876,24.0,3840.0,2160.0,0,47.79,0.991,99
