representation_index,rebuffering_duration,video_bitrate,chunk_duration,chunk_size,qp,framerate,width,height,is_best,psnr,ssim,vmaf
12,0.0,18046.104,4,9023052,22.614,30.0,3840.0,2160.0,1,47.581,0.989,94
12,0.0,16210.836,4,8105418,23.16,30.0,3840.0,2160.0,1,47.33,0.988,94
12,0.0,15005.128,4,7502564,21.249,30.0,3840.0,2160.0,1,48.866,0.991,95
12,0.0,17641.036,4,8820518,20.844,30.0,3840.0,2160.0,1,49.678,0.992,97
12,0.0,15677.022,4,7838511,21.126,30.0,3840.0,2160.0,1,49.438,0.992,96
12,2.4619999999999997,16791.028,4,8395514,20.809,30.0,3840.0,2160.0,1,49.204,0.992,96
12,5.1080000000000005,19778.476,4,9889238,21.607,30.0,3840.0,2160.0,1,48.498,0.992,98
