representation_index,rebuffering_duration,video_bitrate,chunk_duration,chunk_size,qp,framerate,width,height,is_best,psnr,ssim,vmaf
9,0.026000000000000002,5728.542,4,2864271,29.129,30.0,1920.0,1080.0,0,38.356,0.962,97
8,0.0,4618.238,4,2309119,26.613,30.0,1920.0,1080.0,0,42.745,0.98,99
8,0.7809999999999999,4175.256,4,2087628,32.015,30.0,1920.0,1080.0,0,38.391,0.965,97
8,0.0,3854.266,4,1927133,27.827,30.0,1920.0,1080.0,0,42.045,0.979,99
8,0.0,4492.494,4,2246247,27.071,30.0,1920.0,1080.0,0,41.917,0.976,99
8,0.0,4661.888,4,2330944,27.224,30.0,1920.0,1080.0,0,41.575,0.974,99
8,0.0,6805.802,4,3402901,30.103,30.0,1920.0,1080.0,0,35.665,0.956,97
