representation_index,rebuffering_duration,video_bitrate,chunk_duration,chunk_size,qp,framerate,width,height,is_best,psnr,ssim,vmaf
9,0.02,5728.542,4,2864271,29.129,30.0,1920.0,1080.0,0,37.259,0.957,81
9,0.7020000000000001,6106.762,4,3053381,24.282,30.0,1920.0,1080.0,0,43.654,0.983,90
8,1.0070000000000001,4175.256,4,2087628,32.015,30.0,1920.0,1080.0,0,37.993,0.961,81
8,0.0,3854.266,4,1927133,27.827,30.0,1920.0,1080.0,0,41.96,0.98,86
8,0.0,4492.494,4,2246247,27.071,30.0,1920.0,1080.0,0,41.737,0.976,83
8,0.0,4661.888,4,2330944,27.224,30.0,1920.0,1080.0,0,41.464,0.976,84
8,0.0,6805.802,4,3402901,30.103,30.0,1920.0,1080.0,0,33.276,0.943,78
