representation_index,rebuffering_duration,video_bitrate,chunk_duration,chunk_size,qp,framerate,width,height,is_best,psnr,ssim,vmaf
6,0.0,1884.862,4,942431,34.116,30.0,1280.0,720.0,0,38.882,0.993,87
6,0.0,3768.678,4,1884339,33.771,30.0,1280.0,720.0,0,39.681,0.994,90
6,0.0,2880.37,4,1440185,34.17,30.0,1280.0,720.0,0,37.476,0.99,92
6,1.4080000000000001,2916.994,4,1458497,33.042,30.0,1280.0,720.0,0,39.892,0.995,93
5,0.0,1324.92,4,662460,34.02,30.0,960.0,540.0,0,34.062,0.982,81
5,2.1630000000000003,2048.41,4,1024205,33.538,30.0,960.0,540.0,0,35.368,0.984,81
5,0.18600000000000003,1265.052,4,632526,33.976,30.0,960.0,540.0,0,35.515,0.984,81
