representation_index,rebuffering_duration,video_bitrate,chunk_duration,chunk_size,qp,framerate,width,height,is_best,psnr,ssim,vmaf
12,0.0,12659.834,4,6329917,33.896,30.0,3840.0,2160.0,1,61.321,0.999,100
12,5.614,25590.154,4,12795077,33.43,30.0,3840.0,2160.0,1,64.225,1.0,100
11,0.23800000000000002,15133.472,4,7566736,33.918,30.0,3840.0,2160.0,0,58.647,0.999,100
11,0.0,14661.384,4,7330692,32.711,30.0,3840.0,2160.0,0,61.567,1.0,100
11,0.21600000000000003,8945.17,4,4472585,33.642,30.0,3840.0,2160.0,0,58.037,0.999,100
11,0.0,13156.776,4,6578388,32.916,30.0,3840.0,2160.0,0,58.592,0.999,100
11,0.0,8755.736,4,4377868,33.543,30.0,3840.0,2160.0,0,59.158,0.999,100
