representation_index,rebuffering_duration,video_bitrate,chunk_duration,chunk_size,qp,framerate,width,height,is_best,psnr,ssim,vmaf
12,0.0,12659.834,4,6329917,33.896,30.0,3840.0,2160.0,1,61.321,0.999,100
12,0.09699999999999999,25590.154,4,12795077,33.43,30.0,3840.0,2160.0,1,64.225,1.0,100
12,0.21,23005.936,4,11502968,33.853,30.0,3840.0,2160.0,1,61.133,0.999,100
12,1.882,19771.728,4,9885864,32.664,30.0,3840.0,2160.0,1,63.542,1.0,100
12,0.88,12963.696,4,6481848,33.612,30.0,3840.0,2160.0,1,60.048,0.999,100
11,3.6289999999999996,13156.776,4,6578388,32.916,30.0,3840.0,2160.0,0,58.592,0.999,100
11,0.0,8755.736,4,4377868,33.543,30.0,3840.0,2160.0,0,59.158,0.999,100
