representation_index,rebuffering_duration,video_bitrate,chunk_duration,chunk_size,qp,framerate,width,height,is_best,psnr,ssim,vmaf
12,0.0,16233.4,4,8116700,32.519,30.0,3840.0,2160.0,1,50.053,0.994,100
12,0.256,17070.256,4,8535128,32.025,30.0,3840.0,2160.0,1,51.136,0.995,100
12,0.305,17512.272,4,8756136,32.531,30.0,3840.0,2160.0,1,50.923,0.995,100
12,0.20800000000000002,19749.038,4,9874519,32.724,30.0,3840.0,2160.0,1,49.912,0.994,100
12,1.3980000000000001,15322.818,4,7661409,32.395,30.0,3840.0,2160.0,1,50.867,0.995,100
11,3.02,12442.948,4,6221474,32.18,30.0,3840.0,2160.0,0,48.606,0.992,100
11,0.778,13241.882,4,6620941,32.36,30.0,3840.0,2160.0,0,47.862,0.991,100
