representation_index,rebuffering_duration,video_bitrate,chunk_duration,chunk_size,qp,framerate,width,height,is_best,psnr,ssim,vmaf
12,0.0,16233.4,4,8116700,32.519,30.0,3840.0,2160.0,1,49.117,0.993,99
12,0.22,17070.256,4,8535128,32.025,30.0,3840.0,2160.0,1,50.239,0.994,100
12,0.259,17512.272,4,8756136,32.531,30.0,3840.0,2160.0,1,49.932,0.994,99
12,0.34600000000000003,19749.038,4,9874519,32.724,30.0,3840.0,2160.0,1,48.845,0.993,98
12,1.49,15322.818,4,7661409,32.395,30.0,3840.0,2160.0,1,49.939,0.994,99
11,3.0389999999999997,12442.948,4,6221474,32.18,30.0,3840.0,2160.0,0,47.753,0.991,98
11,0.768,13241.882,4,6620941,32.36,30.0,3840.0,2160.0,0,46.952,0.99,98
