representation_index,rebuffering_duration,video_bitrate,chunk_duration,chunk_size,qp,framerate,width,height,is_best,psnr,ssim,vmaf
9,0.042,5728.542,4,2864271,29.129,30.0,1920.0,1080.0,0,38.744,0.964,89
9,0.7659999999999999,6106.762,4,3053381,24.282,30.0,1920.0,1080.0,0,44.156,0.985,96
9,1.5219999999999998,5567.536,4,2783768,29.338,30.0,1920.0,1080.0,0,39.908,0.974,93
8,0.0,3854.266,4,1927133,27.827,30.0,1920.0,1080.0,0,41.982,0.979,93
8,0.0,4492.494,4,2246247,27.071,30.0,1920.0,1080.0,0,41.881,0.977,91
8,0.0,4661.888,4,2330944,27.224,30.0,1920.0,1080.0,0,41.518,0.975,92
9,0.0,9250.118,4,4625059,27.544,30.0,1920.0,1080.0,0,38.926,0.973,96
