representation_index,rebuffering_duration,video_bitrate,chunk_duration,chunk_size,qp,framerate,width,height,is_best,psnr,ssim,vmaf
6,0.0,2226.8,4,1113400,32.599,30.0,1280.0,720.0,0,34.484,0.932,70
7,0.0,3330.45,4,1665225,25.559,30.0,1280.0,720.0,0,41.547,0.975,88
7,0.0,3002.188,4,1501094,31.047,30.0,1280.0,720.0,0,36.929,0.954,82
7,0.384,2683.052,4,1341526,27.22,30.0,1280.0,720.0,0,40.685,0.973,88
6,0.244,2335.258,4,1167629,28.195,30.0,1280.0,720.0,0,39.477,0.962,79
5,3.3930000000000002,1932.898,4,966449,27.504,30.0,960.0,540.0,0,38.299,0.953,76
5,5.242000000000001,2594.026,4,1297013,30.447,30.0,960.0,540.0,0,31.445,0.905,66
