representation_index,rebuffering_duration,video_bitrate,chunk_duration,chunk_size,qp,framerate,width,height,is_best,psnr,ssim,vmaf
6,0.0,2226.8,4,1113400,32.599,30.0,1280.0,720.0,0,33.696,0.925,63
7,0.0,3330.45,4,1665225,25.559,30.0,1280.0,720.0,0,41.15,0.973,81
7,0.0,3002.188,4,1501094,31.047,30.0,1280.0,720.0,0,36.529,0.95,74
7,0.36200000000000004,2683.052,4,1341526,27.22,30.0,1280.0,720.0,0,40.581,0.974,80
6,0.215,2335.258,4,1167629,28.195,30.0,1280.0,720.0,0,39.329,0.966,72
5,3.4019999999999997,1932.898,4,966449,27.504,30.0,960.0,540.0,0,38.217,0.961,67
5,5.234,2594.026,4,1297013,30.447,30.0,960.0,540.0,0,29.651,0.89,54
