representation_index,rebuffering_duration,video_bitrate,chunk_duration,chunk_size,qp,framerate,width,height,is_best,psnr,ssim,vmaf
12,0.0,12659.834,4,6329917,33.896,30.0,3840.0,2160.0,1,61.3,0.999,98
12,0.09300000000000001,25590.154,4,12795077,33.43,30.0,3840.0,2160.0,1,64.268,1.0,98
12,0.217,23005.936,4,11502968,33.853,30.0,3840.0,2160.0,1,61.493,1.0,98
12,1.8430000000000002,19771.728,4,9885864,32.664,30.0,3840.0,2160.0,1,63.984,1.0,99
12,0.8140000000000001,12963.696,4,6481848,33.612,30.0,3840.0,2160.0,1,60.418,0.999,98
12,6.249,19221.908,4,9610954,32.901,30.0,3840.0,2160.0,1,60.823,1.0,99
12,0.39799999999999996,12927.502,4,6463751,33.57,30.0,3840.0,2160.0,1,61.496,1.0,98
