representation_index,rebuffering_duration,video_bitrate,chunk_duration,chunk_size,qp,framerate,width,height,is_best,psnr,ssim,vmaf
6,0.0,1884.862,4,942431,34.116,30.0,1280.0,720.0,0,38.882,0.993,87
7,0.0,4602.22,4,2301110,33.941,30.0,1280.0,720.0,0,39.706,0.994,90
6,1.2990000000000002,2880.37,4,1440185,34.17,30.0,1280.0,720.0,0,37.476,0.99,92
6,1.5819999999999999,2916.994,4,1458497,33.042,30.0,1280.0,720.0,0,39.892,0.995,93
6,2.795,1712.398,4,856199,34.004,30.0,1280.0,720.0,0,37.295,0.99,91
5,2.5810000000000004,2048.41,4,1024205,33.538,30.0,960.0,540.0,0,35.368,0.984,81
5,0.7140000000000001,1265.052,4,632526,33.976,30.0,960.0,540.0,0,35.515,0.984,81
