representation_index,rebuffering_duration,video_bitrate,chunk_duration,chunk_size,qp,framerate,width,height,is_best,psnr,ssim,vmaf
12,0.0,12659.834,4,6329917,33.896,30.0,3840.0,2160.0,1,61.158,0.999,100
12,0.079,25590.154,4,12795077,33.43,30.0,3840.0,2160.0,1,64.055,1.0,100
12,0.027999999999999997,23005.936,4,11502968,33.853,30.0,3840.0,2160.0,1,59.577,0.999,100
12,1.8869999999999998,19771.728,4,9885864,32.664,30.0,3840.0,2160.0,1,61.431,1.0,100
12,0.85,12963.696,4,6481848,33.612,30.0,3840.0,2160.0,1,58.41,0.999,100
12,6.252999999999999,19221.908,4,9610954,32.901,30.0,3840.0,2160.0,1,58.385,0.999,100
12,0.355,12927.502,4,6463751,33.57,30.0,3840.0,2160.0,1,59.542,0.999,100
