representation_index,rebuffering_duration,video_bitrate,chunk_duration,chunk_size,qp,framerate,width,height,is_best,psnr,ssim,vmaf
12,0.0,16233.4,4,8116700,32.519,30.0,3840.0,2160.0,1,50.303,0.994,98
12,0.293,17070.256,4,8535128,32.025,30.0,3840.0,2160.0,1,51.373,0.995,100
12,0.11599999999999999,17512.272,4,8756136,32.531,30.0,3840.0,2160.0,1,51.167,0.995,99
12,0.244,19749.038,4,9874519,32.724,30.0,3840.0,2160.0,1,50.172,0.994,98
12,1.495,15322.818,4,7661409,32.395,30.0,3840.0,2160.0,1,51.09,0.995,99
12,5.4270000000000005,18061.07,4,9030535,32.243,30.0,3840.0,2160.0,1,50.732,0.995,100
12,1.9980000000000002,19120.876,4,9560438,32.381,30.0,3840.0,2160.0,1,50.06,0.994,100
