representation_index,rebuffering_duration,video_bitrate,chunk_duration,chunk_size,qp,framerate,width,height,is_best,psnr,ssim,vmaf
6,0.28,2365.282,4,1182641,33.209,30.0,1280.0,720.0,0,42.172,0.977,88
6,0.0,2423.984,4,1211992,33.236,30.0,1280.0,720.0,0,42.688,0.981,92
6,0.21899999999999997,2572.82,4,1286410,33.273,30.0,1280.0,720.0,0,42.256,0.977,88
6,2.033,2901.614,4,1450807,33.347,30.0,1280.0,720.0,0,40.706,0.969,84
5,0.147,1657.028,4,828514,33.481,30.0,960.0,540.0,0,40.199,0.97,76
5,2.298,1838.79,4,919395,33.362,30.0,960.0,540.0,0,39.532,0.966,77
5,3.1889999999999996,1985.956,4,992978,33.604,30.0,960.0,540.0,0,38.815,0.961,74
