representation_index,rebuffering_duration,video_bitrate,chunk_duration,chunk_size,qp,framerate,width,height,is_best,psnr,ssim,vmaf
12,0.0,16233.4,4,8116700,32.519,30.0,3840.0,2160.0,1,50.053,0.994,100
12,0.28600000000000003,17070.256,4,8535128,32.025,30.0,3840.0,2160.0,1,51.136,0.995,100
12,0.23399999999999999,17512.272,4,8756136,32.531,30.0,3840.0,2160.0,1,50.923,0.995,100
12,0.637,19749.038,4,9874519,32.724,30.0,3840.0,2160.0,1,49.912,0.994,100
12,1.5019999999999998,15322.818,4,7661409,32.395,30.0,3840.0,2160.0,1,50.867,0.995,100
12,5.437,18061.07,4,9030535,32.243,30.0,3840.0,2160.0,1,50.495,0.995,100
12,2.039,19120.876,4,9560438,32.381,30.0,3840.0,2160.0,1,49.796,0.994,100
