representation_index,rebuffering_duration,video_bitrate,chunk_duration,chunk_size,qp,framerate,width,height,is_best,psnr,ssim,vmaf
6,0.298,2365.282,4,1182641,33.209,30.0,1280.0,720.0,0,41.977,0.977,97
6,0.0,2423.984,4,1211992,33.236,30.0,1280.0,720.0,0,42.484,0.98,99
6,0.191,2572.82,4,1286410,33.273,30.0,1280.0,720.0,0,42.071,0.977,97
6,2.0780000000000003,2901.614,4,1450807,33.347,30.0,1280.0,720.0,0,40.56,0.969,95
5,0.045,1657.028,4,828514,33.481,30.0,960.0,540.0,0,40.085,0.97,90
5,2.333,1838.79,4,919395,33.362,30.0,960.0,540.0,0,39.4,0.966,90
5,3.1889999999999996,1985.956,4,992978,33.604,30.0,960.0,540.0,0,38.697,0.961,88
