representation_index,rebuffering_duration,video_bitrate,chunk_duration,chunk_size,qp,framerate,width,height,is_best,psnr,ssim,vmaf
12,1.1420000000000001,15670.846,4,7835423,30.888,24.0,3840.0,2160.0,1,49.795,0.993,100
12,4.2219999999999995,15853.816,4,7926908,30.343,24.0,3840.0,2160.0,1,50.497,0.994,100
11,0.0,5179.154,4,2589577,31.922,24.0,3840.0,2160.0,0,51.289,0.995,100
11,0.0,13547.99,4,6773995,30.87,24.0,3840.0,2160.0,0,51.589,0.995,100
12,0.0,19088.322,4,9544161,30.991,24.0,3840.0,2160.0,1,52.734,0.996,100
12,0.0,16418.638,4,8209319,31.205,24.0,3840.0,2160.0,1,52.427,0.996,100
12,0.0,19934.154,4,9967077,31.213,24.0,3840.0,2160.0,1,52.146,0.995,100
