representation_index,rebuffering_duration,video_bitrate,chunk_duration,chunk_size,qp,framerate,width,height,is_best,psnr,ssim,vmaf
12,0.0,16992.724,4,8496362,32.851,30.0,3840.0,2160.0,1,49.508,0.991,97
12,3.2260000000000004,16630.392,4,8315196,32.598,30.0,3840.0,2160.0,1,49.485,0.991,98
11,0.22,9006.468,4,4503234,33.063,30.0,3840.0,2160.0,0,49.926,0.991,98
11,0.0,11757.842,4,5878921,32.77,30.0,3840.0,2160.0,0,50.333,0.992,99
12,0.18899999999999997,16037.576,4,8018788,32.858,30.0,3840.0,2160.0,1,51.118,0.993,98
12,0.298,17715.318,4,8857659,32.853,30.0,3840.0,2160.0,1,51.286,0.994,98
12,0.017,20162.004,4,10081002,32.699,30.0,3840.0,2160.0,1,50.777,0.993,99
