representation_index,rebuffering_duration,video_bitrate,chunk_duration,chunk_size,qp,framerate,width,height,is_best,psnr,ssim,vmaf
12,0.0,16992.724,4,8496362,32.851,30.0,3840.0,2160.0,1,49.181,0.991,100
12,3.248,16630.392,4,8315196,32.598,30.0,3840.0,2160.0,1,49.188,0.991,100
11,0.209,9006.468,4,4503234,33.063,30.0,3840.0,2160.0,0,49.698,0.991,100
11,0.0,11757.842,4,5878921,32.77,30.0,3840.0,2160.0,0,50.114,0.992,100
12,0.16899999999999998,16037.576,4,8018788,32.858,30.0,3840.0,2160.0,1,50.87,0.993,100
12,0.20600000000000002,17715.318,4,8857659,32.853,30.0,3840.0,2160.0,1,51.031,0.993,100
12,0.128,20162.004,4,10081002,32.699,30.0,3840.0,2160.0,1,50.481,0.993,100
