representation_index,rebuffering_duration,video_bitrate,chunk_duration,chunk_size,qp,framerate,width,height,is_best,psnr,ssim,vmaf
12,0.0,16992.724,4,8496362,32.851,30.0,3840.0,2160.0,1,47.949,0.988,98
12,0.156,16630.392,4,8315196,32.598,30.0,3840.0,2160.0,1,48.006,0.989,98
12,0.13699999999999998,13374.348,4,6687174,33.059,30.0,3840.0,2160.0,1,49.511,0.991,100
12,0.3,16809.686,4,8404843,32.806,30.0,3840.0,2160.0,1,50.01,0.992,100
12,0.23199999999999998,16037.576,4,8018788,32.858,30.0,3840.0,2160.0,1,49.909,0.992,100
12,0.14800000000000002,17715.318,4,8857659,32.853,30.0,3840.0,2160.0,1,50.075,0.992,100
12,2.883,20162.004,4,10081002,32.699,30.0,3840.0,2160.0,1,49.239,0.991,100
